item_id,sources,models,stage_inputs,stage_outputs,latency_ms,cost_usd,status,errors
P001,"{""videos"": [{""source_id"": ""SRC01"", ""frame_count"": 64}]}","{""yolo"": null, ""clef"": null, ""vlm"": null}","{""yolo"": {""frame_manifest"": ""data/frames/P001/manifest.json"", ""prompt_path"": ""prompts/pipeline_v1.txt""}, ""clef"": {""frame_manifest"": ""data/frames/P001/manifest.json"", ""prompt_path"": ""prompts/pipeline_v1.txt""}, ""vlm"": {""frame_manifest"": ""data/frames/P001/manifest.json"", ""prompt_path"": ""prompts/pipeline_v1.txt""}}","{""yolo"": {""status"": ""blocked"", ""executed"": false, ""model"": null, ""output"": null, ""errors"": [{""category"": ""benchmark"", ""code"": ""not_submitted"", ""detail"": ""not_submitted""}], ""active_sources"": []}, ""clef"": {""status"": ""blocked"", ""executed"": false, ""model"": null, ""output"": null, ""errors"": [{""category"": ""benchmark"", ""code"": ""not_submitted"", ""detail"": ""not_submitted""}], ""active_sources"": []}, ""vlm"": {""status"": ""blocked"", ""executed"": false, ""model"": null, ""output"": null, ""errors"": [{""category"": ""benchmark"", ""code"": ""not_submitted"", ""detail"": ""not_submitted""}], ""active_sources"": []}}","{""yolo"": null, ""clef"": null, ""vlm"": null, ""total"": null}","{""yolo"": {""value"": null, ""basis"": ""unknown""}, ""clef"": {""value"": null, ""basis"": ""unknown""}, ""vlm"": {""value"": null, ""basis"": ""unknown""}, ""total"": {""value"": null, ""basis"": ""unknown""}}",not_submitted,[]
P002,"{""videos"": [{""source_id"": ""SRC02"", ""frame_count"": 64}]}","{""yolo"": null, ""clef"": null, ""vlm"": null}","{""yolo"": {""frame_manifest"": ""data/frames/P002/manifest.json"", ""prompt_path"": ""prompts/pipeline_v1.txt""}, ""clef"": {""frame_manifest"": ""data/frames/P002/manifest.json"", ""prompt_path"": ""prompts/pipeline_v1.txt""}, ""vlm"": {""frame_manifest"": ""data/frames/P002/manifest.json"", ""prompt_path"": ""prompts/pipeline_v1.txt""}}","{""yolo"": {""status"": ""blocked"", ""executed"": false, ""model"": null, ""output"": null, ""errors"": [{""category"": ""benchmark"", ""code"": ""not_submitted"", ""detail"": ""not_submitted""}], ""active_sources"": []}, ""clef"": {""status"": ""blocked"", ""executed"": false, ""model"": null, ""output"": null, ""errors"": [{""category"": ""benchmark"", ""code"": ""not_submitted"", ""detail"": ""not_submitted""}], ""active_sources"": []}, ""vlm"": {""status"": ""blocked"", ""executed"": false, ""model"": null, ""output"": null, ""errors"": [{""category"": ""benchmark"", ""code"": ""not_submitted"", ""detail"": ""not_submitted""}], ""active_sources"": []}}","{""yolo"": null, ""clef"": null, ""vlm"": null, ""total"": null}","{""yolo"": {""value"": null, ""basis"": ""unknown""}, ""clef"": {""value"": null, ""basis"": ""unknown""}, ""vlm"": {""value"": null, ""basis"": ""unknown""}, ""total"": {""value"": null, ""basis"": ""unknown""}}",not_submitted,[]
P003,"{""videos"": [{""source_id"": ""SRC03"", ""frame_count"": 64}]}","{""yolo"": null, ""clef"": null, ""vlm"": null}","{""yolo"": {""frame_manifest"": ""data/frames/P003/manifest.json"", ""prompt_path"": ""prompts/pipeline_v1.txt""}, ""clef"": {""frame_manifest"": ""data/frames/P003/manifest.json"", ""prompt_path"": ""prompts/pipeline_v1.txt""}, ""vlm"": {""frame_manifest"": ""data/frames/P003/manifest.json"", ""prompt_path"": ""prompts/pipeline_v1.txt""}}","{""yolo"": {""status"": ""blocked"", ""executed"": false, ""model"": null, ""output"": null, ""errors"": [{""category"": ""benchmark"", ""code"": ""not_submitted"", ""detail"": ""not_submitted""}], ""active_sources"": []}, ""clef"": {""status"": ""blocked"", ""executed"": false, ""model"": null, ""output"": null, ""errors"": [{""category"": ""benchmark"", ""code"": ""not_submitted"", ""detail"": ""not_submitted""}], ""active_sources"": []}, ""vlm"": {""status"": ""blocked"", ""executed"": false, ""model"": null, ""output"": null, ""errors"": [{""category"": ""benchmark"", ""code"": ""not_submitted"", ""detail"": ""not_submitted""}], ""active_sources"": []}}","{""yolo"": null, ""clef"": null, ""vlm"": null, ""total"": null}","{""yolo"": {""value"": null, ""basis"": ""unknown""}, ""clef"": {""value"": null, ""basis"": ""unknown""}, ""vlm"": {""value"": null, ""basis"": ""unknown""}, ""total"": {""value"": null, ""basis"": ""unknown""}}",not_submitted,[]
P004,"{""videos"": [{""source_id"": ""SRC04"", ""frame_count"": 64}]}","{""yolo"": null, ""clef"": null, ""vlm"": null}","{""yolo"": {""frame_manifest"": ""data/frames/P004/manifest.json"", ""prompt_path"": ""prompts/pipeline_v1.txt""}, ""clef"": {""frame_manifest"": ""data/frames/P004/manifest.json"", ""prompt_path"": ""prompts/pipeline_v1.txt""}, ""vlm"": {""frame_manifest"": ""data/frames/P004/manifest.json"", ""prompt_path"": ""prompts/pipeline_v1.txt""}}","{""yolo"": {""status"": ""blocked"", ""executed"": false, ""model"": null, ""output"": null, ""errors"": [{""category"": ""benchmark"", ""code"": ""not_submitted"", ""detail"": ""not_submitted""}], ""active_sources"": []}, ""clef"": {""status"": ""blocked"", ""executed"": false, ""model"": null, ""output"": null, ""errors"": [{""category"": ""benchmark"", ""code"": ""not_submitted"", ""detail"": ""not_submitted""}], ""active_sources"": []}, ""vlm"": {""status"": ""blocked"", ""executed"": false, ""model"": null, ""output"": null, ""errors"": [{""category"": ""benchmark"", ""code"": ""not_submitted"", ""detail"": ""not_submitted""}], ""active_sources"": []}}","{""yolo"": null, ""clef"": null, ""vlm"": null, ""total"": null}","{""yolo"": {""value"": null, ""basis"": ""unknown""}, ""clef"": {""value"": null, ""basis"": ""unknown""}, ""vlm"": {""value"": null, ""basis"": ""unknown""}, ""total"": {""value"": null, ""basis"": ""unknown""}}",not_submitted,[]
P005,"{""videos"": [{""source_id"": ""SRC05"", ""frame_count"": 64}]}","{""yolo"": null, ""clef"": null, ""vlm"": null}","{""yolo"": {""frame_manifest"": ""data/frames/P005/manifest.json"", ""prompt_path"": ""prompts/pipeline_v1.txt""}, ""clef"": {""frame_manifest"": ""data/frames/P005/manifest.json"", ""prompt_path"": ""prompts/pipeline_v1.txt""}, ""vlm"": {""frame_manifest"": ""data/frames/P005/manifest.json"", ""prompt_path"": ""prompts/pipeline_v1.txt""}}","{""yolo"": {""status"": ""blocked"", ""executed"": false, ""model"": null, ""output"": null, ""errors"": [{""category"": ""benchmark"", ""code"": ""not_submitted"", ""detail"": ""not_submitted""}], ""active_sources"": []}, ""clef"": {""status"": ""blocked"", ""executed"": false, ""model"": null, ""output"": null, ""errors"": [{""category"": ""benchmark"", ""code"": ""not_submitted"", ""detail"": ""not_submitted""}], ""active_sources"": []}, ""vlm"": {""status"": ""blocked"", ""executed"": false, ""model"": null, ""output"": null, ""errors"": [{""category"": ""benchmark"", ""code"": ""not_submitted"", ""detail"": ""not_submitted""}], ""active_sources"": []}}","{""yolo"": null, ""clef"": null, ""vlm"": null, ""total"": null}","{""yolo"": {""value"": null, ""basis"": ""unknown""}, ""clef"": {""value"": null, ""basis"": ""unknown""}, ""vlm"": {""value"": null, ""basis"": ""unknown""}, ""total"": {""value"": null, ""basis"": ""unknown""}}",not_submitted,[]
P006,"{""videos"": [{""source_id"": ""SRC06"", ""frame_count"": 64}]}","{""yolo"": null, ""clef"": null, ""vlm"": null}","{""yolo"": {""frame_manifest"": ""data/frames/P006/manifest.json"", ""prompt_path"": ""prompts/pipeline_v1.txt""}, ""clef"": {""frame_manifest"": ""data/frames/P006/manifest.json"", ""prompt_path"": ""prompts/pipeline_v1.txt""}, ""vlm"": {""frame_manifest"": ""data/frames/P006/manifest.json"", ""prompt_path"": ""prompts/pipeline_v1.txt""}}","{""yolo"": {""status"": ""blocked"", ""executed"": false, ""model"": null, ""output"": null, ""errors"": [{""category"": ""benchmark"", ""code"": ""not_submitted"", ""detail"": ""not_submitted""}], ""active_sources"": []}, ""clef"": {""status"": ""blocked"", ""executed"": false, ""model"": null, ""output"": null, ""errors"": [{""category"": ""benchmark"", ""code"": ""not_submitted"", ""detail"": ""not_submitted""}], ""active_sources"": []}, ""vlm"": {""status"": ""blocked"", ""executed"": false, ""model"": null, ""output"": null, ""errors"": [{""category"": ""benchmark"", ""code"": ""not_submitted"", ""detail"": ""not_submitted""}], ""active_sources"": []}}","{""yolo"": null, ""clef"": null, ""vlm"": null, ""total"": null}","{""yolo"": {""value"": null, ""basis"": ""unknown""}, ""clef"": {""value"": null, ""basis"": ""unknown""}, ""vlm"": {""value"": null, ""basis"": ""unknown""}, ""total"": {""value"": null, ""basis"": ""unknown""}}",not_submitted,[]
P007,"{""videos"": [{""source_id"": ""SRC01"", ""frame_count"": 32}, {""source_id"": ""SRC02"", ""frame_count"": 32}]}","{""yolo"": null, ""clef"": null, ""vlm"": null}","{""yolo"": {""frame_manifest"": ""data/frames/P007/manifest.json"", ""prompt_path"": ""prompts/pipeline_v1.txt""}, ""clef"": {""frame_manifest"": ""data/frames/P007/manifest.json"", ""prompt_path"": ""prompts/pipeline_v1.txt""}, ""vlm"": {""frame_manifest"": ""data/frames/P007/manifest.json"", ""prompt_path"": ""prompts/pipeline_v1.txt""}}","{""yolo"": {""status"": ""blocked"", ""executed"": false, ""model"": null, ""output"": null, ""errors"": [{""category"": ""benchmark"", ""code"": ""not_submitted"", ""detail"": ""not_submitted""}], ""active_sources"": []}, ""clef"": {""status"": ""blocked"", ""executed"": false, ""model"": null, ""output"": null, ""errors"": [{""category"": ""benchmark"", ""code"": ""not_submitted"", ""detail"": ""not_submitted""}], ""active_sources"": []}, ""vlm"": {""status"": ""blocked"", ""executed"": false, ""model"": null, ""output"": null, ""errors"": [{""category"": ""benchmark"", ""code"": ""not_submitted"", ""detail"": ""not_submitted""}], ""active_sources"": []}}","{""yolo"": null, ""clef"": null, ""vlm"": null, ""total"": null}","{""yolo"": {""value"": null, ""basis"": ""unknown""}, ""clef"": {""value"": null, ""basis"": ""unknown""}, ""vlm"": {""value"": null, ""basis"": ""unknown""}, ""total"": {""value"": null, ""basis"": ""unknown""}}",not_submitted,[]
P008,"{""videos"": [{""source_id"": ""SRC05"", ""frame_count"": 32}, {""source_id"": ""SRC06"", ""frame_count"": 32}]}","{""yolo"": null, ""clef"": null, ""vlm"": null}","{""yolo"": {""frame_manifest"": ""data/frames/P008/manifest.json"", ""prompt_path"": ""prompts/pipeline_v1.txt""}, ""clef"": {""frame_manifest"": ""data/frames/P008/manifest.json"", ""prompt_path"": ""prompts/pipeline_v1.txt""}, ""vlm"": {""frame_manifest"": ""data/frames/P008/manifest.json"", ""prompt_path"": ""prompts/pipeline_v1.txt""}}","{""yolo"": {""status"": ""blocked"", ""executed"": false, ""model"": null, ""output"": null, ""errors"": [{""category"": ""benchmark"", ""code"": ""not_submitted"", ""detail"": ""not_submitted""}], ""active_sources"": []}, ""clef"": {""status"": ""blocked"", ""executed"": false, ""model"": null, ""output"": null, ""errors"": [{""category"": ""benchmark"", ""code"": ""not_submitted"", ""detail"": ""not_submitted""}], ""active_sources"": []}, ""vlm"": {""status"": ""blocked"", ""executed"": false, ""model"": null, ""output"": null, ""errors"": [{""category"": ""benchmark"", ""code"": ""not_submitted"", ""detail"": ""not_submitted""}], ""active_sources"": []}}","{""yolo"": null, ""clef"": null, ""vlm"": null, ""total"": null}","{""yolo"": {""value"": null, ""basis"": ""unknown""}, ""clef"": {""value"": null, ""basis"": ""unknown""}, ""vlm"": {""value"": null, ""basis"": ""unknown""}, ""total"": {""value"": null, ""basis"": ""unknown""}}",not_submitted,[]
P009,"{""videos"": [{""source_id"": ""SRC01"", ""frame_count"": 22}, {""source_id"": ""SRC03"", ""frame_count"": 21}, {""source_id"": ""SRC05"", ""frame_count"": 21}]}","{""yolo"": null, ""clef"": null, ""vlm"": null}","{""yolo"": {""frame_manifest"": ""data/frames/P009/manifest.json"", ""prompt_path"": ""prompts/pipeline_v1.txt""}, ""clef"": {""frame_manifest"": ""data/frames/P009/manifest.json"", ""prompt_path"": ""prompts/pipeline_v1.txt""}, ""vlm"": {""frame_manifest"": ""data/frames/P009/manifest.json"", ""prompt_path"": ""prompts/pipeline_v1.txt""}}","{""yolo"": {""status"": ""blocked"", ""executed"": false, ""model"": null, ""output"": null, ""errors"": [{""category"": ""benchmark"", ""code"": ""not_submitted"", ""detail"": ""not_submitted""}], ""active_sources"": []}, ""clef"": {""status"": ""blocked"", ""executed"": false, ""model"": null, ""output"": null, ""errors"": [{""category"": ""benchmark"", ""code"": ""not_submitted"", ""detail"": ""not_submitted""}], ""active_sources"": []}, ""vlm"": {""status"": ""blocked"", ""executed"": false, ""model"": null, ""output"": null, ""errors"": [{""category"": ""benchmark"", ""code"": ""not_submitted"", ""detail"": ""not_submitted""}], ""active_sources"": []}}","{""yolo"": null, ""clef"": null, ""vlm"": null, ""total"": null}","{""yolo"": {""value"": null, ""basis"": ""unknown""}, ""clef"": {""value"": null, ""basis"": ""unknown""}, ""vlm"": {""value"": null, ""basis"": ""unknown""}, ""total"": {""value"": null, ""basis"": ""unknown""}}",not_submitted,[]
P010,"{""videos"": [{""source_id"": ""SRC01"", ""frame_count"": 16}, {""source_id"": ""SRC02"", ""frame_count"": 16}, {""source_id"": ""SRC03"", ""frame_count"": 16}, {""source_id"": ""SRC04"", ""frame_count"": 16}]}","{""yolo"": null, ""clef"": null, ""vlm"": null}","{""yolo"": {""frame_manifest"": ""data/frames/P010/manifest.json"", ""prompt_path"": ""prompts/pipeline_v1.txt""}, ""clef"": {""frame_manifest"": ""data/frames/P010/manifest.json"", ""prompt_path"": ""prompts/pipeline_v1.txt""}, ""vlm"": {""frame_manifest"": ""data/frames/P010/manifest.json"", ""prompt_path"": ""prompts/pipeline_v1.txt""}}","{""yolo"": {""status"": ""blocked"", ""executed"": false, ""model"": null, ""output"": null, ""errors"": [{""category"": ""benchmark"", ""code"": ""not_submitted"", ""detail"": ""not_submitted""}], ""active_sources"": []}, ""clef"": {""status"": ""blocked"", ""executed"": false, ""model"": null, ""output"": null, ""errors"": [{""category"": ""benchmark"", ""code"": ""not_submitted"", ""detail"": ""not_submitted""}], ""active_sources"": []}, ""vlm"": {""status"": ""blocked"", ""executed"": false, ""model"": null, ""output"": null, ""errors"": [{""category"": ""benchmark"", ""code"": ""not_submitted"", ""detail"": ""not_submitted""}], ""active_sources"": []}}","{""yolo"": null, ""clef"": null, ""vlm"": null, ""total"": null}","{""yolo"": {""value"": null, ""basis"": ""unknown""}, ""clef"": {""value"": null, ""basis"": ""unknown""}, ""vlm"": {""value"": null, ""basis"": ""unknown""}, ""total"": {""value"": null, ""basis"": ""unknown""}}",not_submitted,[]
P011,"{""videos"": [{""source_id"": ""SRC01"", ""frame_count"": 13}, {""source_id"": ""SRC02"", ""frame_count"": 13}, {""source_id"": ""SRC03"", ""frame_count"": 13}, {""source_id"": ""SRC04"", ""frame_count"": 13}, {""source_id"": ""SRC05"", ""frame_count"": 12}]}","{""yolo"": null, ""clef"": null, ""vlm"": null}","{""yolo"": {""frame_manifest"": ""data/frames/P011/manifest.json"", ""prompt_path"": ""prompts/pipeline_v1.txt""}, ""clef"": {""frame_manifest"": ""data/frames/P011/manifest.json"", ""prompt_path"": ""prompts/pipeline_v1.txt""}, ""vlm"": {""frame_manifest"": ""data/frames/P011/manifest.json"", ""prompt_path"": ""prompts/pipeline_v1.txt""}}","{""yolo"": {""status"": ""blocked"", ""executed"": false, ""model"": null, ""output"": null, ""errors"": [{""category"": ""benchmark"", ""code"": ""not_submitted"", ""detail"": ""not_submitted""}], ""active_sources"": []}, ""clef"": {""status"": ""blocked"", ""executed"": false, ""model"": null, ""output"": null, ""errors"": [{""category"": ""benchmark"", ""code"": ""not_submitted"", ""detail"": ""not_submitted""}], ""active_sources"": []}, ""vlm"": {""status"": ""blocked"", ""executed"": false, ""model"": null, ""output"": null, ""errors"": [{""category"": ""benchmark"", ""code"": ""not_submitted"", ""detail"": ""not_submitted""}], ""active_sources"": []}}","{""yolo"": null, ""clef"": null, ""vlm"": null, ""total"": null}","{""yolo"": {""value"": null, ""basis"": ""unknown""}, ""clef"": {""value"": null, ""basis"": ""unknown""}, ""vlm"": {""value"": null, ""basis"": ""unknown""}, ""total"": {""value"": null, ""basis"": ""unknown""}}",not_submitted,[]
P012,"{""videos"": [{""source_id"": ""SRC01"", ""frame_count"": 11}, {""source_id"": ""SRC02"", ""frame_count"": 11}, {""source_id"": ""SRC03"", ""frame_count"": 11}, {""source_id"": ""SRC04"", ""frame_count"": 11}, {""source_id"": ""SRC05"", ""frame_count"": 10}, {""source_id"": ""SRC06"", ""frame_count"": 10}]}","{""yolo"": null, ""clef"": null, ""vlm"": null}","{""yolo"": {""frame_manifest"": ""data/frames/P012/manifest.json"", ""prompt_path"": ""prompts/pipeline_v1.txt""}, ""clef"": {""frame_manifest"": ""data/frames/P012/manifest.json"", ""prompt_path"": ""prompts/pipeline_v1.txt""}, ""vlm"": {""frame_manifest"": ""data/frames/P012/manifest.json"", ""prompt_path"": ""prompts/pipeline_v1.txt""}}","{""yolo"": {""status"": ""blocked"", ""executed"": false, ""model"": null, ""output"": null, ""errors"": [{""category"": ""benchmark"", ""code"": ""not_submitted"", ""detail"": ""not_submitted""}], ""active_sources"": []}, ""clef"": {""status"": ""blocked"", ""executed"": false, ""model"": null, ""output"": null, ""errors"": [{""category"": ""benchmark"", ""code"": ""not_submitted"", ""detail"": ""not_submitted""}], ""active_sources"": []}, ""vlm"": {""status"": ""blocked"", ""executed"": false, ""model"": null, ""output"": null, ""errors"": [{""category"": ""benchmark"", ""code"": ""not_submitted"", ""detail"": ""not_submitted""}], ""active_sources"": []}}","{""yolo"": null, ""clef"": null, ""vlm"": null, ""total"": null}","{""yolo"": {""value"": null, ""basis"": ""unknown""}, ""clef"": {""value"": null, ""basis"": ""unknown""}, ""vlm"": {""value"": null, ""basis"": ""unknown""}, ""total"": {""value"": null, ""basis"": ""unknown""}}",not_submitted,[]
